Album,Artist,Released,Discovered
Led Zeppelin I,Led Zeppelin,1969,2006
Led Zeppelin II,Led Zeppelin,1969,2008
Led Zeppelin III,Led Zeppelin,1970,2008
Please Please Me,The Beatles,1963,2004
Bringing It All Back Home,Bob Dylan,1965,2020
Sounds of Silence,Simon & Garfunkel,1966,2016
Magical Mystery Tour,The Beatles,1967,2005
Astral Weeks,Van Morrison,1968,2014
Songs of Leonard Cohen,Leonard Cohen,1968,2015
Music From Big Pink,The Band,1968,2021
Nashville Skyline,Bob Dylan,1969,2021
Aoxomoxoa,Grateful Dead,1969,2015
Moondance,Van Morrison,1970,2011
Workingman's Dead,Grateful Dead,1970,2015
After the Gold Rush,Neil Young,1970,2019
At the Fillmore East,Allman Brothers Band,1971,2018
Blue,Joni Mitchell,1971,2016
Who's Next,The Who,1971,2009
Led Zeppelin IV,Led Zeppelin,1971,2009
Dark Side of the Moon,Pink Floyd,1973,2011
Wake of the Flood,Grateful Dead,1973,2015
Blood on the Tracks,Bob Dylan,1975,2016
Journey,Journey,1975,2010
Appetite For Destruction,Guns N' Roses,1987,2009
Sgt. Pepper's Lonely Hearts Club Band,The Beatles,1967,2006
Pet Sounds,The Beach Boys,1966,2014
Revolver,The Beatles,1966,2007
Highway 61 Revisited,Bob Dylan,1965,2020
Rubber Soul,The Beatles,1965,2006
What's Going On,Marvin Gaye,1971,2015
Exile on Main St.,The Rolling Stones,1972,2010
London Calling,The Clash,1979,2008
"The Beatles (""The White Album"")",The Beatles,1968,2007
Kind of Blue,Miles Davis,1959,2011
Abbey Road,The Beatles,1969,2009
Are You Experienced,The Jimi Hendrix Experience,1967,2010
Nevermind,Nirvana,1991,2011
Born to Run,Bruce Springsteen,1975,2010
Thriller,Michael Jackson,1982,2012
John Lennon/Plastic Ono Band,John Lennon / Plastic Ono Band,1970,2020
Rumours,Fleetwood Mac,1977,2015
The Joshua Tree,U2,1987,2011
Let It Bleed,The Rolling Stones,1969,2010
The Rise and Fall of Ziggy Stardust and the Spiders From Mars,David Bowie,1972,2010
Tapestry,Carole King,1971,2019
Hotel California,Eagles,1976,2009
"The Band (""The Brown Album"")",The Band,1969,2020
A Love Supreme,John Coltrane,1965,2012
Bridge Over Troubled Water,Simon & Garfunkel,1970,2016
Meet The Beatles!,The Beatles,1964,2022
Songs in the Key of Life,Stevie Wonder,1976,2012
Sticky Fingers,The Rolling Stones,1971,2009
Kid A,Radiohead,2000,2014
Off the Wall,Michael Jackson,1979,2013
Graceland,Paul Simon,1986,2015
Physical Graffiti,Led Zeppelin,1975,2009
Back in Black,AC/DC,1980,2009
Goodbye Yellow Brick Road,Elton John,1973,2009
The Freewheelin' Bob Dylan,Bob Dylan,1963,2019
In the Wee Small Hours,Frank Sinatra,1955,2013
Giant Steps,John Coltrane,1959,2012
Sweet Baby James,James Taylor,1970,2015
The Bends,Radiohead,1995,2014
Saturday Night Fever: The Original Movie Sound Track,Various Artists,1977,2019
Aja,Steely Dan,1977,2014
Houses of the Holy,Led Zeppelin,1973,2008
Funeral,Arcade Fire,2004,2016
The Low End Theory,A Tribe Called Quest,1991,2012
OK Computer,Radiohead,1997,2014
Every Picture Tells a Story,Rod Stewart,1971,2020
Fleetwood Mac,Fleetwood Mac,1975,2016
Red Headed Stranger,Willie Nelson,1975,2019
"Parsley, Sage, Rosemary and Thyme",Simon & Garfunkel,1966,2015
Ten,Pearl Jam,1991,2021
Wish You Were Here,Pink Floyd,1975,2010
Look-Ka Py Py,The Meters,1970,2012
American Idiot,Green Day,2004,2009
A Night at the Opera,Queen,1975,2011
Bookends,Simon & Garfunkel,1968,2015
Can't Buy a Thrill,Steely Dan,1972,2015
Black Sabbath,Black Sabbath,1970,2010
The Marshall Mathers LP,Eminem,2000,2014
American Beauty,Grateful Dead,1970,2014
"Crosby, Stills & Nash","Crosby, Stills & Nash",1969,2014
Quadrophenia,The Who,1973,2009
Paul Simon,Paul Simon,1972,2015
The Slim Shady LP,Eminem,1999,2014
Grace,Jeff Buckley,1994,2011
A Hard Day's Night,The Beatles,1964,2007
Blood Sugar Sex Magik,Red Hot Chili Peppers,1991,2011
MTV Unplugged in New York,Nirvana,1994,2011
The Miseducation of Lauryn Hill,Lauryn Hill,1998,2016
Amnesiac,Radiohead,2001,2019
Help!,The Beatles,1965,2008
In Rainbows,Radiohead,2007,2015
Rust Never Sleeps,Neil Young & Crazy Horse,1979,2018
Brothers in Arms,Dire Straits,1985,2021
52nd Street,Billy Joel,1978,2019
Eagles,Eagles,1972,2012
Californication,Red Hot Chili Peppers,1999,2009
Illmatic,Nas,1994,2013
Van Halen,Van Halen,1978,2009
Band on the Run,Paul McCartney & Wings,1973,2009
Sea Change,Beck,2002,2015
Hysteria,Def Leppard,1987,2010
Life After Death,The Notorious B.I.G.,1997,2014
Voodoo,D'Angelo,2000,2016
Vitalogy,Pearl Jam,1994,2021
Yankee Hotel Foxtrot,Wilco,2002,2020
White Blood Cells,The White Stripes,2001,2014
Away From the World,Dave Matthews Band,2012,2012
Summerteeth,Wilco,1999,2015
"For Emma, Forever Ago",Bon Iver,2007,2015
Crash,Dave Matthews Band,1996,2012
Before These Crowded Streets,Dave Matthews Band,1998,2012
Under the Table and Dreaming,Dave Matthews Band,1994,2012
One Trick Pony,Paul Simon,1980,2015
Tales From the Hudson,Michael Brecker,1996,2014
Outbound,Bela Fleck and the Flecktones,2000,2014
Everything in Transit,Jack's Mannequin,2005,2015
Sky Blue Sky,Wilco,2007,2021
Random Access Memory,Daft Punk,2013,2019
Lemonade,Beyonce,2016,2017
After Laughter,Paramore,2017,2018
Hozier,Hozier,2014,2016
The Search For Everything,John Mayer,2017,2017
Paradise Valley,John Mayer,2013,2013
The Marshall Mathers LP,Eminem,2000,2014
Whatever and Ever Amen,Ben Folds Five,1997,2014
"Bing, Bing, Bing!",Charlie Hunter Trio,1995,2012
Business As Usual,Men At Work,1981,2021
Behind the Sun,Eric Clapton,1985,2013
Making Movies,Dire Straits,1980,2015
Piano Man,Billy Joel,1973,2009
The Stranger,Billy Joel,1977,2010
Kin,Pat Metheny Unity Group,2014,2014
One Quiet Night,Pat Metheny,2004,2014
Speak Now,Taylor Swift,2010,2011
Vs.,Pearl Jam,1993,2022
This Empty Northern Hemisphere,Gregory Alan Isakov,2009,2015
The Weatherman,Gregory Alan Isakov,2013,2016
Evening Machines,Gregory Alan Isakov,2018,2018
Use Your Illusion,Guns N' Roses,1991,2011
Thousand Roads,David Crosby,1993,2009
Good at Falling,The Japanese House,2019,2022
Cold Fact,Rodriguez,1970,2022
Luck of the Draw,Bonnie Raitt,1991,2022
Currents,Tame Impala,2015,2015
Room For Squares,John Mayer,2001,2011
Heavier Things,John Mayer,2003,2011
Continuum,John Mayer,2005,2011
Battle Studies,John Mayer,2009,2011
Born and Raised,John Mayer,2012,2012
Sob Rock,John Mayer,2021,2021
Midnights,Taylor Swift,2022,2022
Arms,Bell X1,2016,2022
Zaba,Glass Animals,2014,2022
No Code,Pearl Jam,1996,2020
Tiempo Compartido,Vacacion,2019,2023
Short Trip Home,Edgar Meyer,1999,2023
Modern Vampires of the City,Vampire Weekend,2013,2023
Hats,The Blue Nile,1989,2023
Pat Metheny Group,Pat Metheny Group,1978,2014
3 + 3,The Isley Brothers,1973,2023
Ain't That Good News,Sam Cooke,1964,2022
Skull & Roses [Live],Grateful Dead,1971,2010
Hearts and Bones,Paul Simon,1983,2015
Let It Be,The Beatles,1970,2010
Careless,Stephen Bishop,1976,2021
Performing This Week… Live at Ronnie Scott's,Jeff Beck,2015,2015
The Reckoning [Live],Grateful Dead,1981,2021
Boston,Boston,1976,2009
A Moon Shaped Pool,Radiohead,2016,2016
Cold Spring Harbor,Billy Joel,1971,2020
Riot!,Paramore,2007,2020
Hoist,Phish,1994,2014
Farmhouse,Phish,2000,2013
Billy Breathes,Phish,1996,2014
Live at Luther College,Dave Matthews and Tim Reynolds,1999,2013
"I'm Wide Awake, It's Morning",Bright Eyes,2005,2016
Head Hunters,Herbie Hancock,1973,2011
I Like It When You Sleep […],The 1975,2016,2023